{
  "msg_0": {
    "heading": 0.10874529181140061,
    "speed": 0.03920893885695961,
    "local_unexplored": 0.39131711607247355,
    "new_cell": 0.15231027396372074
  },
  "msg_1": {
    "heading": 0.09970113992369965,
    "speed": 0.02346454364168666,
    "local_unexplored": 0.5266128616266141,
    "new_cell": 0.19943569963514363
  },
  "msg_2": {
    "heading": -0.12174996025723865,
    "speed": -0.002082117448482286,
    "local_unexplored": -0.1210400671764633,
    "new_cell": -0.011643854334273557
  },
  "msg_3": {
    "heading": 0.08926444660107072,
    "speed": -0.009872984954829814,
    "local_unexplored": 0.3958067849814825,
    "new_cell": 0.17446725736328267
  },
  "msg_4": {
    "heading": -0.051252663589384365,
    "speed": -0.044894605127535306,
    "local_unexplored": -0.09610320285321505,
    "new_cell": -0.036434438795050275
  },
  "msg_5": {
    "heading": 0.011872764714759492,
    "speed": 0.036131419052951357,
    "local_unexplored": 0.1194834920822706,
    "new_cell": -0.0035027057430392365
  },
  "msg_6": {
    "heading": -0.11846575242805148,
    "speed": 0.019910357938467405,
    "local_unexplored": -0.24976317507333615,
    "new_cell": -0.05774968248259269
  },
  "msg_7": {
    "heading": -0.005633245938434878,
    "speed": 0.01814607052595295,
    "local_unexplored": 0.28747778103547006,
    "new_cell": 0.12229173177655833
  }
}