{
  "msg_0": {
    "heading": 0.08844983777166879,
    "speed": -0.00012679171539489506,
    "local_unexplored": 0.4665426939395079,
    "new_cell": 0.17482699695320478
  },
  "msg_1": {
    "heading": 0.07750290236519593,
    "speed": -0.018937326326202552,
    "local_unexplored": 0.5633289433204046,
    "new_cell": 0.18336365255804035
  },
  "msg_2": {
    "heading": -0.13483120193128292,
    "speed": 0.014872920904659323,
    "local_unexplored": -0.28715514722992386,
    "new_cell": -0.021590597041149448
  },
  "msg_3": {
    "heading": 0.10593767446223847,
    "speed": -0.02731005860780001,
    "local_unexplored": 0.4363618579666481,
    "new_cell": 0.15662046303965496
  },
  "msg_4": {
    "heading": -0.07180230962075382,
    "speed": -0.010092921831560775,
    "local_unexplored": -0.14526914533191373,
    "new_cell": -0.0696338907871507
  },
  "msg_5": {
    "heading": 0.014913595616531144,
    "speed": 0.014829367733936828,
    "local_unexplored": 0.15593519029896674,
    "new_cell": -0.01715771410627657
  },
  "msg_6": {
    "heading": -0.1071765735091088,
    "speed": 0.004437536847040791,
    "local_unexplored": -0.21450509107503143,
    "new_cell": -0.053713097044299864
  },
  "msg_7": {
    "heading": -0.027465746335659635,
    "speed": 0.004346249000711071,
    "local_unexplored": 0.2585594447033081,
    "new_cell": 0.10624463462344602
  }
}